tunnel_e,tunnel_n,tunnel_z
203269.969786,2555056.11218,192.800250937
