tunnel_e,tunnel_n,tunnel_z
203269.969931,2555056.11201,192.800176336
